trade_id,signal_idx,entry_idx,exit_idx,signal_time,entry_time,exit_time,entry_price,exit_price,tp_price,sl_price,tp_pct,sl_pct,gross_return_pct,net_return_pct,cost_pct,outcome,holding_bars,signal_type
0,306,307,313,2018-02-12 04:30:00,2018-02-12 04:45:00,2018-02-12 06:15:00,9468000.0,9585687.24,9585687.24,9347756.4,0.01243,0.0127,0.012429999999999941,0.01141807596201927,0.0010119240379806715,tp,7,reversion
1,530,531,532,2018-03-13 12:30:00,2018-03-13 12:45:00,2018-03-13 13:00:00,10042000.0,10136038.309,10136038.309,9937061.1,0.009364500000000001,0.010450000000000001,0.009364499999999998,0.008355639930035075,0.001008860069964923,tp,2,reversion_low
2,548,549,553,2018-03-13 17:00:00,2018-03-13 17:15:00,2018-03-13 18:15:00,10150000.0,10245049.675,10245049.675,10043932.5,0.009364500000000001,0.010450000000000001,0.009364499999999998,0.008355639930035075,0.001008860069964923,tp,5,reversion_low
3,700,701,708,2018-05-01 07:00:00,2018-05-01 07:15:00,2018-05-01 09:00:00,10221000.0,10098092.475,10452454.545,10098092.475,0.022645000000000002,0.012025000000000001,-0.012025000000000063,-0.013012481259370157,0.0009874812593700932,sl,8,breakout
4,708,709,710,2018-05-01 09:00:00,2018-05-01 09:15:00,2018-05-01 09:30:00,10093000.0,9987528.15,10206500.8315,9987528.15,0.011245500000000002,0.010450000000000001,-0.01044999999999996,-0.01143905547226387,0.000989055472263911,sl,2,reversion_low
5,818,819,830,2018-06-03 12:30:00,2018-06-03 12:45:00,2018-06-03 15:30:00,8316000.0,8393875.182,8393875.182,8229097.800000001,0.009364500000000001,0.010450000000000001,0.009364499999999998,0.008355639930035075,0.001008860069964923,tp,12,reversion_low
6,853,854,864,2018-06-03 21:15:00,2018-06-03 21:30:00,2018-06-22 00:00:00,8385000.0,8297376.75,8463521.3325,8297376.75,0.009364500000000001,0.010450000000000001,-0.01044999999999996,-0.01143905547226387,0.000989055472263911,sl,11,reversion_low
7,909,910,928,2018-06-22 11:15:00,2018-06-22 11:30:00,2018-06-22 16:00:00,7442000.0,7364231.100000001,7511690.609,7364231.100000001,0.009364500000000001,0.010450000000000001,-0.01044999999999996,-0.011439055472263648,0.000989055472263689,sl,19,reversion_low
8,931,932,934,2018-06-22 16:45:00,2018-06-22 17:00:00,2018-06-22 17:30:00,7355000.0,7278140.25,7423875.8975,7278140.25,0.009364500000000001,0.010450000000000001,-0.01044999999999996,-0.01143905547226387,0.000989055472263911,sl,3,reversion_low
9,1077,1078,1129,2018-07-16 05:15:00,2018-07-16 05:30:00,2018-07-16 18:15:00,7172000.0,7239162.194,7239162.194,7097052.600000001,0.009364500000000001,0.010450000000000001,0.009364499999999998,0.008355639930035075,0.001008860069964923,tp,52,reversion_low
10,1186,1187,1258,2018-07-17 08:30:00,2018-07-17 08:45:00,2018-07-18 02:30:00,7436000.0,7658038.96,7658038.96,7346582.100000001,0.02986,0.012025000000000001,0.029859999999999998,0.02883065467266377,0.0010293453273362285,tp,72,breakout
11,1624,1625,1628,2018-08-12 22:00:00,2018-08-12 22:15:00,2018-08-12 23:00:00,7340000.0,7408735.43,7408735.43,7263297.0,0.009364500000000001,0.010450000000000001,0.009364499999999998,0.008355639930035075,0.001008860069964923,tp,4,reversion_low
12,1641,1642,1709,2018-11-14 02:15:00,2018-11-14 02:30:00,2018-11-14 19:15:00,7239000.0,7163352.45,7306789.6155,7163352.45,0.009364499999999998,0.010449999999999997,-0.01044999999999996,-0.01143905547226387,0.000989055472263911,sl,68,reversion_low
13,1710,1711,1727,2018-11-14 19:30:00,2018-11-14 19:45:00,2018-11-14 23:45:00,7190000.0,7131042.0,7247520.0,7131042.0,0.008,0.0082,-0.008199999999999985,-0.009191304347826001,0.0009913043478260164,sl,17,reversion_low
14,1727,1728,1729,2018-11-14 23:45:00,2018-11-28 00:00:00,2018-11-28 00:15:00,4304000.0,4260346.462749858,4343232.965172615,4260346.462749858,0.009115465885830485,0.01014255047633393,-0.010142550476334056,-0.01113191324447349,0.0009893627681394346,sl,2,reversion_low
15,1799,1800,1802,2018-11-28 17:45:00,2018-11-28 18:00:00,2018-11-28 18:30:00,4525000.0,4567374.3625,4567374.3625,4477713.75,0.009364500000000001,0.010450000000000001,0.009364499999999998,0.008355639930034853,0.001008860069965145,tp,3,reversion_low
16,1886,1887,1893,2019-01-02 15:30:00,2019-01-02 15:45:00,2019-01-02 17:15:00,4248000.0,4287780.396,4287780.396,4203608.4,0.009364500000000001,0.010450000000000001,0.009364499999999998,0.008355639930035075,0.001008860069964923,tp,7,reversion_low
17,1965,1966,2016,2019-01-18 11:15:00,2019-01-18 11:30:00,2019-01-21 00:00:00,4054000.0,4011635.7,4091963.683,4011635.7,0.009364500000000001,0.010450000000000001,-0.01044999999999996,-0.01143905547226376,0.0009890554722638,sl,51,reversion_low
18,2020,2021,2112,2019-01-21 01:00:00,2019-01-21 01:15:00,2019-01-23 00:00:00,3964000.0,4001120.878,4001120.878,3922576.2,0.009364500000000001,0.010450000000000001,0.009364499999999998,0.008355639930035075,0.001008860069964923,tp,92,reversion_low
19,2171,2172,2208,2019-01-23 14:45:00,2019-01-23 15:00:00,2019-03-01 00:00:00,4003000.0,4042208.630514381,4042208.630514381,3967034.4136218373,0.009794811519955262,0.00898465810096491,0.009794811519955315,0.008785521353518622,0.0010092901664366938,tp,37,reversion_low
20,2459,2460,2509,2019-03-18 14:45:00,2019-03-18 15:00:00,2019-03-19 23:30:00,4423000.0,4487008.131101184,4487008.131101184,4381314.283957512,0.014471655234271534,0.009424760579355231,0.01447165523427163,0.013457690561373914,0.0010139646728977159,tp,50,reversion_low
21,2532,2533,2629,2019-03-20 09:00:00,2019-03-20 09:15:00,2019-03-21 09:15:00,4493000.0,4542000.0,4626806.6820391,4439119.299150375,0.0297811444556197,0.011992143523174875,0.010905853549966649,0.009895452896743206,0.0010104006532234422,time,97,breakout
22,2921,2922,2976,2019-05-06 10:15:00,2019-05-06 10:30:00,2019-06-01 00:00:00,6581000.0,6685953.788000001,6685953.788000001,6512228.55,0.015948000000000004,0.010450000000000001,0.015948000000000073,0.014932559720140182,0.0010154402798598916,tp,55,reversion_low
23,3048,3049,3072,2019-06-01 18:00:00,2019-06-01 18:15:00,2019-06-25 00:00:00,10355000.0,10714007.85,10714007.85,10230481.125,0.03467,0.012025000000000001,0.03466999999999998,0.03363584707646172,0.0010341529235382563,tp,24,breakout
24,3193,3194,3204,2019-06-26 06:15:00,2019-06-26 06:30:00,2019-06-26 09:00:00,13548000.0,14017709.16,14017709.16,13385085.3,0.03467,0.012025000000000001,0.03466999999999998,0.03363584707646172,0.0010341529235382563,tp,11,breakout
25,3477,3478,3504,2019-08-27 05:15:00,2019-08-27 05:30:00,2019-08-27 12:00:00,12345000.0,12215994.75,12563753.4,12215994.75,0.017720000000000003,0.010450000000000001,-0.01044999999999996,-0.01143905547226376,0.0009890554722638,sl,27,reversion
26,3505,3506,3540,2019-08-27 12:15:00,2019-08-27 12:30:00,2019-08-27 21:00:00,12228000.0,12100217.4,12365509.974,12100217.4,0.011245500000000002,0.010450000000000001,-0.01044999999999996,-0.01143905547226387,0.000989055472263911,sl,35,reversion_low
27,3557,3558,3613,2019-09-21 01:15:00,2019-09-21 01:30:00,2019-09-21 15:15:00,12053000.0,11927046.15,12188542.011500001,11927046.15,0.011245500000000002,0.010450000000000001,-0.01044999999999996,-0.01143905547226376,0.0009890554722638,sl,56,reversion_low
28,3613,3614,3690,2019-09-21 15:15:00,2019-09-21 15:30:00,2019-09-22 10:30:00,11912000.0,11803500.027207367,12010605.777962035,11803500.027207367,0.008277852414542732,0.009108459771040408,-0.009108459771040356,-0.010098856113098242,0.0009903963420578865,sl,77,reversion_low
29,3692,3693,3715,2019-09-22 11:00:00,2019-09-22 11:15:00,2019-09-22 16:45:00,11817000.0,11935183.04578181,11935183.04578181,11708365.913351709,0.010001103984243734,0.009193034327518921,0.010001103984243809,0.008991607628437537,0.001009496355806272,tp,23,reversion_low
30,3882,3883,3903,2019-10-06 10:30:00,2019-10-06 10:45:00,2019-10-06 15:45:00,9696000.0,9594676.8,9786798.192,9594676.8,0.009364499999999998,0.010449999999999997,-0.01044999999999996,-0.011439055472263648,0.000989055472263689,sl,21,reversion_low
31,3904,3905,3911,2019-10-06 16:00:00,2019-10-06 16:15:00,2019-10-06 17:45:00,9566000.0,9466035.3,9655580.807,9466035.3,0.009364500000000001,0.010450000000000001,-0.01044999999999996,-0.011439055472263648,0.000989055472263689,sl,7,reversion_low
32,3955,3956,3994,2019-10-18 04:45:00,2019-10-18 05:00:00,2019-10-18 14:30:00,9548000.0,9448223.4,9637412.246,9448223.4,0.009364500000000001,0.010450000000000001,-0.01044999999999996,-0.01143905547226387,0.000989055472263911,sl,39,reversion_low
33,3997,3998,4032,2019-10-18 15:15:00,2019-10-18 15:30:00,2019-11-16 00:00:00,9401000.0,9489035.6645,9489035.6645,9302759.55,0.009364500000000001,0.010450000000000001,0.009364499999999998,0.008355639930035075,0.001008860069964923,tp,35,reversion_low
34,4100,4101,4128,2019-11-16 17:00:00,2019-11-16 17:15:00,2019-12-05 00:00:00,9925000.0,9819649.877712091,10187765.293490982,9819649.877712091,0.026475092543172044,0.010614621892988351,-0.01061462189298823,-0.011603512825628992,0.0009888909326407624,sl,28,breakout
35,4271,4272,4298,2019-12-08 11:45:00,2019-12-08 12:00:00,2019-12-08 18:30:00,8697000.0,8778443.0565,8778443.0565,8606116.35,0.009364500000000001,0.010450000000000001,0.009364499999999998,0.008355639930035297,0.001008860069964701,tp,27,reversion_low
36,4357,4358,4384,2019-12-15 09:15:00,2019-12-15 09:30:00,2019-12-15 16:00:00,8234000.0,8311107.293,8311107.293,8147954.7,0.009364500000000001,0.010450000000000001,0.009364499999999998,0.008355639930035075,0.001008860069964923,tp,27,reversion_low
37,4406,4407,4416,2019-12-15 21:30:00,2019-12-15 21:45:00,2020-01-04 00:00:00,8296000.0,8389292.668,8389292.668,8209306.800000001,0.011245500000000002,0.010450000000000001,0.01124550000000002,0.010234759870064947,0.0010107401299350727,tp,10,reversion_low
38,4506,4507,4512,2020-01-04 22:30:00,2020-01-04 22:45:00,2020-01-20 00:00:00,8400000.0,8490510.147666072,8490510.147666072,8316211.972054471,0.010775017579294506,0.009974765231610613,0.010775017579294444,0.009764747696656473,0.0010102698826379708,tp,6,reversion_low
39,4688,4689,4704,2020-02-01 20:00:00,2020-02-01 20:15:00,2020-02-13 22:45:00,10828000.0,10975660.850900307,10975660.850900307,10732225.242430342,0.01363694596419539,0.008845101364024575,0.013636945964195402,0.012623815583421738,0.0010131303807736636,tp,16,reversion_low
40,4771,4772,4807,2020-02-14 16:45:00,2020-02-14 17:00:00,2020-02-25 01:45:00,11731000.0,11608411.05,11918085.988000002,11608411.05,0.015948000000000004,0.010450000000000001,-0.01044999999999996,-0.01143905547226376,0.0009890554722638,sl,36,reversion_low
41,4808,4809,4844,2020-02-25 02:00:00,2020-02-25 02:15:00,2020-02-25 11:00:00,11625000.0,11503518.75,11755728.9375,11503518.75,0.011245500000000002,0.010450000000000001,-0.01044999999999996,-0.01143905547226376,0.0009890554722638,sl,36,reversion_low
42,4844,4845,4894,2020-02-25 11:00:00,2020-02-25 11:15:00,2020-02-25 23:30:00,11501000.0,11380814.55,11630334.4955,11380814.55,0.011245500000000002,0.010450000000000001,-0.01044999999999996,-0.011439055472263648,0.000989055472263689,sl,50,reversion_low
43,4981,4982,4983,2020-03-31 21:15:00,2020-03-31 21:30:00,2020-03-31 21:45:00,7762000.0,7834687.249,7834687.249,7680887.100000001,0.009364500000000001,0.010450000000000001,0.009364499999999998,0.008355639930035075,0.001008860069964923,tp,2,reversion_low
44,5027,5028,5029,2020-04-13 08:45:00,2020-04-13 09:00:00,2020-04-13 09:15:00,8464000.0,8375551.2,8559181.912,8375551.2,0.011245500000000002,0.010450000000000001,-0.01044999999999996,-0.01143905547226376,0.0009890554722638,sl,2,reversion_low
45,5039,5040,5074,2020-04-13 11:45:00,2020-04-13 12:00:00,2020-04-13 20:30:00,8300000.0,8377725.35,8377725.35,8213265.0,0.009364500000000001,0.010450000000000001,0.009364499999999998,0.008355639930034853,0.001008860069965145,tp,35,reversion_low
46,5133,5134,5184,2020-04-28 11:15:00,2020-04-28 11:30:00,2020-06-13 00:00:00,9366000.0,9515368.968,9515368.968,9268125.3,0.015948000000000004,0.010450000000000001,0.015948000000000073,0.01493255972013996,0.0010154402798601136,tp,51,reversion_low
47,5241,5242,5287,2020-06-13 14:15:00,2020-06-13 14:30:00,2020-06-23 01:45:00,11307000.0,11487324.036,11487324.036,11188841.85,0.015948000000000004,0.010450000000000001,0.015948000000000073,0.01493255972013996,0.0010154402798601136,tp,46,reversion_low
48,5443,5444,5540,2020-07-16 16:45:00,2020-07-16 17:00:00,2020-07-20 17:00:00,10919000.0,10947000.0,11006352.0,10829464.2,0.008,0.0082,0.002564337393534233,0.0015622740877936359,0.001002063305740597,time,97,reversion_low
49,5725,5726,5760,2020-08-28 15:15:00,2020-08-28 15:30:00,2020-09-18 00:00:00,13468000.0,13306047.3,13934935.56,13306047.3,0.03467,0.012025000000000001,-0.012024999999999952,-0.013012481259370268,0.0009874812593703153,sl,35,breakout
50,5808,5809,5905,2020-09-18 12:00:00,2020-09-18 12:15:00,2020-09-19 12:15:00,12745000.0,12811000.0,12864350.5525,12611814.75,0.009364500000000001,0.010450000000000001,0.005178501373087396,0.004173825209796034,0.0010046761632913626,time,97,reversion_low
51,6016,6017,6032,2020-10-25 16:00:00,2020-10-25 16:15:00,2020-10-25 20:00:00,14723000.0,14569144.65,14957802.404000001,14569144.65,0.015948000000000004,0.010450000000000001,-0.01044999999999996,-0.01143905547226376,0.0009890554722638,sl,16,reversion_low
52,6307,6308,6316,2021-03-13 16:45:00,2021-03-13 17:00:00,2021-03-13 19:00:00,66090000.0,68381340.3,68381340.3,65295267.75,0.03467,0.012025000000000001,0.03466999999999998,0.03363584707646172,0.0010341529235382563,tp,9,breakout
53,6602,6603,6604,2021-04-24 18:30:00,2021-04-24 18:45:00,2021-04-24 19:00:00,59498000.0,58876245.900000006,60055169.021,58876245.900000006,0.009364500000000001,0.010450000000000001,-0.010449999999999848,-0.011439055472263648,0.0009890554722638,sl,2,reversion_low
54,6605,6606,6608,2021-04-24 19:15:00,2021-04-24 19:30:00,2021-04-24 20:00:00,59202000.0,58583339.1,59756397.129,58583339.1,0.009364500000000001,0.010450000000000001,-0.01044999999999996,-0.01143905547226376,0.0009890554722638,sl,3,reversion_low
55,6854,6855,6861,2021-07-09 09:30:00,2021-07-09 09:45:00,2021-07-09 11:15:00,38337000.0,38696006.8365,38696006.8365,37936378.35,0.009364500000000001,0.010450000000000001,0.009364499999999998,0.008355639930035075,0.001008860069964923,tp,7,reversion_low
56,6960,6961,6971,2021-07-19 12:00:00,2021-07-19 12:15:00,2021-07-19 14:45:00,37283000.0,37632136.6535,37632136.6535,36893392.65,0.009364500000000001,0.010450000000000001,0.009364499999999998,0.008355639930034853,0.001008860069965145,tp,11,reversion_low
57,6984,6985,6998,2021-07-19 18:00:00,2021-07-19 18:15:00,2021-07-19 21:30:00,37270000.0,36880528.5,37619014.915,36880528.5,0.009364500000000001,0.010450000000000001,-0.01044999999999996,-0.01143905547226376,0.0009890554722638,sl,14,reversion_low
58,6998,6999,7005,2021-07-19 21:30:00,2021-07-19 21:45:00,2021-07-19 23:15:00,36929000.0,36543091.95,37274821.6205,36543091.95,0.009364500000000001,0.010450000000000001,-0.01044999999999996,-0.01143905547226376,0.0009890554722638,sl,7,reversion_low
59,7007,7008,7028,2021-07-19 23:45:00,2021-08-03 00:00:00,2021-08-03 05:00:00,45912000.0,45432219.6,46341942.924,45432219.6,0.009364500000000001,0.010450000000000001,-0.01044999999999996,-0.01143905547226376,0.0009890554722638,sl,21,reversion_low
60,7156,7157,7171,2021-09-20 13:00:00,2021-09-20 13:15:00,2021-09-20 16:45:00,56313000.0,55724529.150000006,57211079.72400001,55724529.150000006,0.015948000000000004,0.010450000000000001,-0.010449999999999848,-0.01143905547226376,0.000989055472263911,sl,15,reversion_low
61,7174,7175,7183,2021-09-20 17:30:00,2021-09-20 17:45:00,2021-09-20 19:45:00,55786000.0,55203036.300000004,56675675.128000006,55203036.300000004,0.015948000000000004,0.010450000000000001,-0.01044999999999996,-0.011439055472263648,0.000989055472263689,sl,9,reversion_low
62,7280,7281,7282,2021-09-22 20:00:00,2021-09-22 20:15:00,2021-09-22 20:30:00,51869000.0,51326968.95,52354727.2505,51326968.95,0.009364500000000001,0.010450000000000001,-0.01044999999999996,-0.011439055472263648,0.000989055472263689,sl,2,reversion_low
63,7283,7284,7288,2021-09-22 20:45:00,2021-09-22 21:00:00,2021-09-22 22:00:00,51552000.0,52034758.703999996,52034758.703999996,51013281.6,0.009364500000000001,0.010450000000000001,0.009364499999999998,0.008355639930035075,0.001008860069964923,tp,5,reversion_low
64,7306,7307,7334,2021-09-30 02:15:00,2021-09-30 02:30:00,2021-09-30 09:30:00,50824000.0,51299941.348,51299941.348,50292889.2,0.009364500000000001,0.010450000000000001,0.009364499999999998,0.008355639930034853,0.001008860069965145,tp,28,reversion_low
65,7592,7593,7593,2021-11-30 02:00:00,2021-11-30 02:15:00,2021-11-30 02:15:00,72170000.0,72845835.965,72845835.965,71415823.5,0.009364500000000001,0.010450000000000001,0.009364499999999998,0.008355639930035297,0.001008860069964701,tp,1,reversion_low
66,7618,7619,7625,2021-11-30 08:30:00,2021-11-30 08:45:00,2021-11-30 10:15:00,72209000.0,71454415.95,72885201.1805,71454415.95,0.009364500000000001,0.010450000000000001,-0.01044999999999996,-0.01143905547226387,0.000989055472263911,sl,7,reversion_low
67,7626,7627,7642,2021-11-30 10:30:00,2021-11-30 10:45:00,2021-11-30 14:30:00,71410000.0,70663765.5,72078718.945,70663765.5,0.009364500000000001,0.010450000000000001,-0.01044999999999996,-0.01143905547226376,0.0009890554722638,sl,16,reversion_low
68,7730,7731,7744,2021-12-17 12:30:00,2021-12-17 12:45:00,2021-12-17 16:00:00,59589000.0,58966294.95,60147021.1905,58966294.95,0.009364500000000001,0.010450000000000001,-0.01044999999999996,-0.01143905547226376,0.0009890554722638,sl,14,reversion_low
69,7750,7751,7774,2021-12-17 17:30:00,2021-12-17 17:45:00,2021-12-17 23:30:00,58789000.0,58174654.95,59339529.5905,58174654.95,0.009364500000000001,0.010450000000000001,-0.01044999999999996,-0.01143905547226376,0.0009890554722638,sl,24,reversion_low
70,7884,7885,7888,2021-12-29 03:00:00,2021-12-29 03:15:00,2021-12-29 04:00:00,59037000.0,58420063.35,59589851.9865,58420063.35,0.009364500000000001,0.010450000000000001,-0.01044999999999996,-0.01143905547226376,0.0009890554722638,sl,4,reversion_low
71,7892,7893,7902,2021-12-29 05:00:00,2021-12-29 05:15:00,2021-12-29 07:30:00,58621000.0,58008410.550000004,59169956.3545,58008410.550000004,0.009364500000000001,0.010450000000000001,-0.01044999999999996,-0.01143905547226376,0.0009890554722638,sl,10,reversion_low
72,8153,8154,8160,2022-01-26 22:15:00,2022-01-26 22:30:00,2022-02-15 00:00:00,46378000.0,47762847.08,47762847.08,45820304.550000004,0.02986,0.012025000000000001,0.029859999999999998,0.02883065467266377,0.0010293453273362285,tp,7,breakout
73,8297,8298,8300,2022-03-16 10:15:00,2022-03-16 10:30:00,2022-03-16 11:00:00,48670000.0,49125770.215,49125770.215,48161398.5,0.009364500000000001,0.010450000000000001,0.009364499999999998,0.008355639930035075,0.001008860069964923,tp,3,reversion_low
74,8314,8315,8326,2022-03-16 14:30:00,2022-03-16 14:45:00,2022-03-16 17:30:00,48913000.0,49421939.765,49421939.765,48401859.15,0.010405000000000001,0.010450000000000001,0.010404999999999998,0.009395099950025187,0.00100990004997481,tp,12,reversion
75,8467,8468,8511,2022-06-29 04:45:00,2022-06-29 05:00:00,2022-06-29 15:45:00,26505000.0,26228022.75,26753206.0725,26228022.75,0.009364500000000001,0.010450000000000001,-0.01044999999999996,-0.01143905547226387,0.000989055472263911,sl,44,reversion_low
76,8611,8612,8640,2022-08-22 16:45:00,2022-08-22 17:00:00,2022-09-03 00:00:00,29055000.0,28751375.25,29518369.14,28751375.25,0.015948000000000004,0.010450000000000001,-0.01044999999999996,-0.01143905547226376,0.0009890554722638,sl,29,reversion_low
77,8692,8693,8736,2022-09-03 13:00:00,2022-09-03 13:15:00,2022-10-28 00:00:00,27573000.0,27831207.3585,27831207.3585,27284862.150000002,0.009364500000000001,0.010450000000000001,0.009364499999999998,0.008355639930035075,0.001008860069964923,tp,44,reversion_low
78,8766,8767,8832,2022-10-28 07:30:00,2022-10-28 07:45:00,2022-10-30 00:00:00,28623000.0,29079479.604000002,29079479.604000002,28323889.650000002,0.015948000000000004,0.010450000000000001,0.015948000000000073,0.01493255972013996,0.0010154402798601136,tp,66,reversion_low
79,8906,8907,8957,2022-10-30 18:30:00,2022-10-30 18:45:00,2022-11-08 07:15:00,29069000.0,28827342.492596332,29334403.032329634,28827342.492596332,0.009130105346920579,0.008313237724162198,-0.008313237724162148,-0.009304428890854588,0.00099119116669244,sl,51,reversion_low
80,8979,8980,8980,2022-11-08 12:45:00,2022-11-08 13:00:00,2022-11-08 13:00:00,28509000.0,28211080.950000003,28829597.9595,28211080.950000003,0.011245500000000002,0.010450000000000001,-0.010449999999999848,-0.01143905547226376,0.000989055472263911,sl,1,reversion_low
81,8990,8991,8997,2022-11-08 15:30:00,2022-11-08 15:45:00,2022-11-08 17:15:00,28119000.0,27825156.450000003,28382320.3755,27825156.450000003,0.009364500000000001,0.010450000000000001,-0.010449999999999848,-0.011439055472263648,0.0009890554722638,sl,7,reversion_low
82,9197,9198,9216,2023-03-28 19:15:00,2023-03-28 19:30:00,2023-04-23 00:00:00,35534000.0,36100696.232,36100696.232,35162669.7,0.015948000000000004,0.010450000000000001,0.015948000000000073,0.014932559720140182,0.0010154402798598916,tp,19,reversion_low
83,9345,9346,9354,2023-05-08 08:15:00,2023-05-08 08:30:00,2023-05-08 10:30:00,38418000.0,38016531.9,39030690.264000006,38016531.9,0.015948000000000004,0.010450000000000001,-0.01045000000000007,-0.01143905547226376,0.000989055472263689,sl,9,reversion_low
84,9354,9355,9380,2023-05-08 10:30:00,2023-05-08 10:45:00,2023-05-08 17:00:00,37896000.0,37499986.800000004,38429083.032000005,37499986.800000004,0.014067000000000001,0.010450000000000001,-0.010449999999999848,-0.01143905547226376,0.000989055472263911,sl,26,reversion_low
85,9418,9419,9504,2023-05-21 02:30:00,2023-05-21 02:45:00,2023-07-05 00:00:00,36370000.0,36710586.865,36710586.865,35989933.5,0.009364500000000001,0.010450000000000001,0.009364499999999998,0.008355639930035075,0.001008860069964923,tp,86,reversion_low
86,9566,9567,9582,2023-07-05 15:30:00,2023-07-05 15:45:00,2023-07-05 19:30:00,40557000.0,40224432.6,41072398.356,40224432.6,0.012708,0.0082,-0.008199999999999985,-0.009191304347826001,0.0009913043478260164,sl,16,reversion_low
87,9582,9583,9588,2023-07-05 19:30:00,2023-07-05 19:45:00,2023-07-05 21:00:00,40300000.0,39969540.0,40812132.4,39969540.0,0.012708,0.0082,-0.008199999999999985,-0.009191304347826001,0.0009913043478260164,sl,6,reversion_low
88,9642,9643,9739,2023-10-07 10:30:00,2023-10-07 10:45:00,2023-10-09 10:45:00,37803000.0,38009000.0,38157006.1935,37407958.65,0.009364500000000001,0.010450000000000001,0.0054493029653730485,0.0044443561358225026,0.001004946829550546,time,97,reversion_low
89,9770,9771,9775,2023-10-09 18:30:00,2023-10-09 18:45:00,2023-10-09 19:45:00,37706000.0,37396810.8,38046032.708,37396810.8,0.009018000000000002,0.0082,-0.008200000000000096,-0.009191304347826224,0.0009913043478261274,sl,5,reversion_low
90,9776,9777,9792,2023-10-09 20:00:00,2023-10-09 20:15:00,2023-10-12 00:00:00,37456000.0,37148860.8,37755648.0,37148860.8,0.008,0.0082,-0.008200000000000096,-0.009191304347826112,0.0009913043478260164,sl,16,reversion_low
91,9805,9806,9888,2023-10-12 03:15:00,2023-10-12 03:30:00,2023-10-21 00:00:00,36448000.0,36789317.296,36789317.296,36067118.4,0.009364500000000001,0.010450000000000001,0.009364499999999998,0.008355639930034853,0.001008860069965145,tp,83,reversion_low
92,9934,9935,9984,2023-10-21 11:30:00,2023-10-21 11:45:00,2023-11-20 00:00:00,40001000.0,40638935.94800001,40638935.94800001,39582989.550000004,0.015948000000000004,0.010450000000000001,0.015948000000000073,0.014932559720140182,0.0010154402798598916,tp,50,reversion_low
93,10041,10042,10080,2023-11-20 14:15:00,2023-11-20 14:30:00,2023-12-26 00:00:00,49495000.0,50284346.260000005,50284346.260000005,48977777.25,0.015948000000000004,0.010450000000000001,0.015948000000000073,0.014932559720140182,0.0010154402798598916,tp,39,reversion_low
94,10137,10138,10150,2023-12-26 14:15:00,2023-12-26 14:30:00,2023-12-26 17:30:00,57621000.0,57018860.550000004,58539939.708000004,57018860.550000004,0.015948000000000004,0.010450000000000001,-0.01044999999999996,-0.011439055472263648,0.000989055472263689,sl,13,reversion_low
95,10296,10297,10368,2024-02-06 06:00:00,2024-02-06 06:15:00,2024-02-22 00:00:00,58607000.0,59266065.0185,59266065.0185,57994556.85,0.011245500000000002,0.010450000000000001,0.01124550000000002,0.010234759870064947,0.0010107401299350727,tp,72,reversion_low
96,10457,10458,10464,2024-02-22 22:15:00,2024-02-22 22:30:00,2024-03-11 00:00:00,71555000.0,72489431.97194383,72489431.97194383,70950810.78337236,0.013058933295280782,0.00844370367727832,0.01305893329528085,0.012046380638314202,0.0010125526569666476,tp,7,reversion_low
97,10616,10617,10629,2024-05-07 14:00:00,2024-05-07 14:15:00,2024-05-07 17:15:00,89019000.0,89852618.4255,89852618.4255,88088751.45,0.009364499999999998,0.010449999999999997,0.009364499999999998,0.008355639930035075,0.001008860069964923,tp,13,reversion_low
98,10643,10644,10656,2024-05-07 20:45:00,2024-05-07 21:00:00,2024-05-21 00:00:00,89299000.0,90135240.4855,90135240.4855,88365825.45,0.009364500000000001,0.010450000000000001,0.009364499999999998,0.008355639930034853,0.001008860069965145,tp,13,reversion_low
99,10807,10808,10848,2024-06-26 13:45:00,2024-06-26 14:00:00,2024-07-13 00:00:00,87009000.0,86099755.95,87823795.7805,86099755.95,0.009364500000000001,0.010450000000000001,-0.01044999999999996,-0.01143905547226387,0.000989055472263911,sl,41,reversion_low
100,10876,10877,10923,2024-07-13 07:00:00,2024-07-13 07:15:00,2024-07-13 18:45:00,81367000.0,82128961.2715,82128961.2715,80516714.85000001,0.009364500000000001,0.010450000000000001,0.009364499999999998,0.008355639930035075,0.001008860069964923,tp,47,reversion_low
101,11034,11035,11040,2024-07-24 22:30:00,2024-07-24 22:45:00,2024-08-18 00:00:00,93178000.0,92057534.55,96408481.26,92057534.55,0.03467,0.012025000000000001,-0.012025000000000063,-0.013012481259370268,0.0009874812593702043,sl,6,breakout
102,11180,11181,11204,2024-09-10 11:00:00,2024-09-10 11:15:00,2024-09-10 17:00:00,76900000.0,77620130.05,77620130.05,76096395.0,0.009364500000000001,0.010450000000000001,0.009364499999999998,0.008355639930034853,0.001008860069965145,tp,24,reversion_low
103,11228,11229,11232,2024-09-10 23:00:00,2024-09-10 23:15:00,2024-09-21 00:00:00,76886000.0,77605998.947,77605998.947,76082541.3,0.009364500000000001,0.010450000000000001,0.009364499999999998,0.008355639930035075,0.001008860069964923,tp,4,reversion_low
104,11502,11503,11504,2024-11-24 19:30:00,2024-11-24 19:45:00,2024-11-24 20:00:00,134596000.0,133189471.80000001,136742537.00800002,133189471.80000001,0.015948000000000004,0.010450000000000001,-0.01044999999999996,-0.01143905547226376,0.0009890554722638,sl,2,reversion_low
105,11504,11505,11510,2024-11-24 20:00:00,2024-11-24 20:15:00,2024-11-24 21:30:00,134013000.0,132612564.15,136150239.324,132612564.15,0.015948000000000004,0.010450000000000001,-0.01044999999999996,-0.01143905547226376,0.0009890554722638,sl,6,reversion_low
